Author,Rating
N/A,4.5 out of 5 stars
Shaifali Saini,4.5 out of 5 stars
N/A,4.6 out of 5 stars
Kriti Arora,4.3 out of 5 stars
PR Yadav,4.4 out of 5 stars
Upinder Singh,4.4 out of 5 stars
N/A,4.6 out of 5 stars
एम लक्ष्मीकांत,4.4 out of 5 stars
N/A,4.4 out of 5 stars
R.K. Gupta,4.5 out of 5 stars
N/A,4.7 out of 5 stars
Kriti Arora,4.5 out of 5 stars
DC Pandey,4.1 out of 5 stars
Wonder House Books,4.6 out of 5 stars
Aman Kharwal,4.4 out of 5 stars
N/A,4.7 out of 5 stars
Wonder House Books,4.7 out of 5 stars
"Sachin Kumarr Laxman Prasad , Anjali Sharma",4.6 out of 5 stars
N/A,4.0 out of 5 stars
ALLEN Expert Faculties,4.2 out of 5 stars
N/A,4.0 out of 5 stars
N/A,4.4 out of 5 stars
Preeti Gupta,4.4 out of 5 stars
Pramath Raj Sinha,4.4 out of 5 stars
Dale Carnegie,3.9 out of 5 stars
N/A,4.3 out of 5 stars
Rakesh Pandey,4.5 out of 5 stars
Bhaskar Napte,4.9 out of 5 stars
RPH Editorial Board,4.1 out of 5 stars
Amit M Agarwal,4.4 out of 5 stars
N/A,3.8 out of 5 stars
Graduate Management Admission Council,4.1 out of 5 stars
N/A,4.8 out of 5 stars
Amulya Dhal,4.4 out of 5 stars
N/A,4.1 out of 5 stars
Amit M Agarwal,4.3 out of 5 stars
ALLEN Expert Faculties,4.5 out of 5 stars
Gerald Corey,4.5 out of 5 stars
ALLEN Expert Faculties,5.0 out of 5 stars
ALLEN Expert Faculties,4.1 out of 5 stars
Sun Tzu,3.4 out of 5 stars
RPH Editorial Board,4.0 out of 5 stars
Wonder House Books,4.7 out of 5 stars
Content Team at Target Publications,4.6 out of 5 stars
N/A,4.2 out of 5 stars
Wonder House Books,4.6 out of 5 stars
EduGorilla Prep Experts,4.0 out of 5 stars
EduGorilla Prep Experts,4.2 out of 5 stars
A K Mittal,3.3 out of 5 stars
N/A,4.4 out of 5 stars
