author,text,likes,published_at
@samehsalh8996,Where&#39;s lady Gaga,0,2025-08-14T22:45:47Z
@steffdia7080,Wednesday <br>Wed = Wedding <br>nes = next<br>day = day,0,2025-08-14T22:44:21Z
@Rhaivon,Lady Gaga as Rosaline Rotwood is crazy :D and she will come with a new song called Dead Dance :3,0,2025-08-14T22:43:57Z
@itachidattebayo,"Damn, that&#39;s what Lucifer been up to after leaving Hell to Morpheus",0,2025-08-14T22:42:48Z
@dharktv1340,Hmm After Part 1 I was disappointed but this trailer got me hype,0,2025-08-14T22:42:22Z
@kacpermarkiewicz3479,OMG. No fkg way! I need to have it now.,0,2025-08-14T22:42:13Z
@misimatokastanley,Dont tell me lady gaga is the grimm reaper,0,2025-08-14T22:42:05Z
@ferur123,The only thing im sad about it after i binge this one as i did the first 4 is the wait for season 3 :(,0,2025-08-14T22:37:30Z
@Helinn974,I‚Äôm sorry but I‚Äôm team Tyler,0,2025-08-14T22:35:43Z
@3veraj,"The fact we have to wait until September is DIABOLICAL, but so is this trailer.",0,2025-08-14T22:35:29Z
@lhuynh731,Miss Larissa is her new guide which it be interesting.,0,2025-08-14T22:33:48Z
@jennifermccabee,Part 2 ?! Whattt why didn‚Äôt I know about this,0,2025-08-14T22:33:37Z
@SadisticFurrySlayer112,YEEAAHHH,0,2025-08-14T22:33:14Z
@jujub4553,Bitch just release the whole entire season at once üôÑüòí,0,2025-08-14T22:32:46Z
@Nyah-i5i,&quot;Ready for your sponge bath?&quot; Was cringe for no reason.,0,2025-08-14T22:32:39Z
@justkatieplays,Noo i need to know moreeee,0,2025-08-14T22:32:36Z
@Svoulzs,not the dexter version of &quot;&quot;harry&quot; üò≠,0,2025-08-14T22:29:37Z
@nicholasbert4475,FINALLY LADY GAGA CRUMBS,0,2025-08-14T22:28:59Z
@cosmic_chaos-x,"GWENDOLYN CHRISTIE EVERYONE. So, SO happy they brought our diva back ‚ù§",0,2025-08-14T22:26:50Z
@dominicastreet8510,IM SO EXCITED OMGGG,0,2025-08-14T22:26:43Z
@GregoRdz98,Can‚Äôt wait for this and Dead Dance mv !!,0,2025-08-14T22:26:11Z
@Andreas_Lombardi,"Season 3 better be in 2027 cause I had to rewatch Season 1 right after watching Part 1 of the 2nd season cause I forgot almost everything. Hell, I even forgot that she had psychic abilities!",0,2025-08-14T22:24:13Z
@cletusbeauregard1972,"oh, Gwendolyn  üíñüíñüíñüíñüíñ",0,2025-08-14T22:23:35Z
@emmy_rose46,SO EXCITED,0,2025-08-14T22:23:17Z
@julianap3412,Hopefully there won‚Äôt be a part 3 to wait for,0,2025-08-14T22:22:50Z
@imRivahSP,They had to seriously spoil Weems bruh,0,2025-08-14T22:21:29Z
@RznGhzli,CANT. WAIT.,0,2025-08-14T22:20:43Z
@gtmobadboy7993,"i‚Äôm calling it now, the music teacher IS A 2ND AVIAR. WHEN WEDNESDAY WAS CHASING THE BLACK COAT AVIAR AND STUMBLED INTO THE MUSIC ROOM SHE EXITED AND IT LINGERED ON A PARROT IN HER ROOM, THEY DON‚ÄôT SHOW THAT STUFF FOR NO REASON.",1,2025-08-14T22:20:35Z
@huguiiiiitoo,Where tf Is lady gaga,0,2025-08-14T22:20:13Z
@JaimeWulf,"I rarely watch more than 2 episodes of any show in a row... I&#39;m not a natural born binger, but I made an exception for Wednesday Pt1... I&#39;m sure I will for Pt2 as well...",1,2025-08-14T22:20:05Z
@brsk61,Hell yeah,0,2025-08-14T22:19:40Z
@Demigod2NE3,Where&#39;s GAGA?!?!?,0,2025-08-14T22:17:52Z
@vanessalgenaway,Not releasing this on a Wednesday as usual is diabolical.,0,2025-08-14T22:15:25Z
@haydengrooms,it‚Äôs giving kevin garvey and patti levin iykyk,0,2025-08-14T22:13:34Z
@IdkEqual,"NETFLIX!?!!? MAKING US WAIT IN PARTS FOR SHOWS IS THE DUMBEST THING, NO ONE IS WATCHING STRANGER THINGS ON CHRISTMAS AND NEW YEARS, DROP THEM ALL AT THE SAME TIME, WATCH RATES CANT BE THAT BADüå≠",1,2025-08-14T22:12:51Z
@alirezagamer1930,I really want Tyler to get to Wednesday and their romance to be rekindled. I hope that happens‚ù§‚ù§. Who agrees with me??,0,2025-08-14T22:11:07Z
@anabxtrice,STOP. SPLITING. SERIES. INTO. 2. PARTS. WE WAIT A LONG TIME FOR IT ALREADY üò≠,0,2025-08-14T22:10:37Z
@DanielMaldonadoRodr√≠guez-20007,üíúüíú Jenna Ortega Merlina 2 üíú,0,2025-08-14T22:08:49Z
@arganlumens7117,How weem Isn&#39;t a Part of the addams or frumps bloodlines,0,2025-08-14T22:07:58Z
@13_4everandalways,I‚Äôm soooo excited for weeks to come back and it‚Äôs humorous that it‚Äôs a spirit guide cause even the trailer made me laugh I‚Äôm so exited for part 2!! Btw part one was amazing!‚ù§‚ù§,0,2025-08-14T22:07:24Z
@nglijie5716,It&#39;s time for evil to go to Hell.,0,2025-08-14T22:05:37Z
@rafaelraposo3828,Lady gaga voice,0,2025-08-14T22:05:32Z
@QueenInCursive,GWENDOLINE CHRISTIE EATS THIS ROLE UP!!!!! üëèüèΩ,5,2025-08-14T22:04:46Z
@Ins√∏mni0928,I missed Weems let&#39;s gooooo!!!!!,0,2025-08-14T22:04:03Z
@bgsof,Enid so cruel with Wednesday..,0,2025-08-14T22:03:42Z
@Nyah-i5i,"MY THEORY WAS RIGHT,",0,2025-08-14T22:02:19Z
@kcbenard8305,oh it comes out on my birthday swag,0,2025-08-14T22:01:23Z
@charleskim1540,She back in action.,0,2025-08-14T22:00:53Z
@ierroni,THEY FREAKING BODY SWAP OMG,0,2025-08-14T22:00:44Z
@lyanne_37k,I KNOW THE VOICE WHO SAID BEWARE IT PROB LADY GAGAüò≠üò≠,0,2025-08-14T21:59:19Z
